Usuario,Mensagem,Localizacao
agmcinefilo,"mesmo que todos os votos obtidos por ciro gomes, marina silva e guilherme boulos fossem migrados para fernando hadd‚Ä¶ https://t.co/BfEfsAmq5M","Santo Andr√©, Brasil"
Amandaparacy,"Sabe o que aconteceu, o pessoal de #Marina18  e #Boulos50 se uniu ao #ViraViraClR0 . Mas o pessoal do #PT n√£o foi,‚Ä¶ https://t.co/NtCu9bbCsw",Pelotas - Rio Grande do Sul
BrunoCo35078037,"@GuilhermeBoulos Isso a√≠, vamos apoiar o PT e td sua corja!!!Foda-se q eles afundaram o pa√≠s,o importante √© ""Helen√£‚Ä¶ https://t.co/8uKX3WwYMB", Rio de Janeiro
usecarlos,Que elei√ß√µes futuras seja Ciro Gomes e Boulos de vice. #ViraViraClR0 #Elei√ß√µes2018 #,nan
carstairspotter,"RT @g1saopaulo: O candidato do PSOL na elei√ß√£o para presidente, Guilherme Boulos, chega com as filhas para votar na PUC-SP #Elei√ß√µes2018 ht‚Ä¶",Hogwarts
thaicavalcantxi,"Temos for√ßa pra isso?
@cirogomes 
@STF_oficial 
@BernardoMF 
@Haddad_Fernando 
@GuilhermeBoulos 
@RedeGlobo‚Ä¶ https://t.co/EqvHg8Dvhb",nan
apenasvegetand,RT @usecarlos: Que elei√ß√µes futuras seja Ciro Gomes e Boulos de vice. #ViraViraClR0 #Elei√ß√µes2018 #,Brasil
eabalanga,"√â impress√£o minha ou @CaboDaciolo est√° dando uma porrada de votos ao @GuilhermeBoulos ?
#eleicao2018 #elei√ß√£o2018",Angola
PallomaRodgs17,"√â Ciro, √© Haddad, √© Boulos, √© Marina, √© qualquer um q ama a Democracia, menos essa gente da bala e da ignor√¢ncia, q‚Ä¶ https://t.co/16QQ2g1t3E","Recife, Brasil"
Inez_Sousa,"N√£o vote em branco ou nulo, vote no Ciro, no Haddad, no Boulos, na Marina, no Alckmin... at√© no Daciolo, s√≥ n√£o vot‚Ä¶ https://t.co/l0fcLNIH5o",Brasil
Gleissonlima8,"Pessoal, n√£o se esque√ßam: Bolsonaro 12, Haddad 12, Ciro 12, Marina 12, Daciolo 12, Meirelles 12, Boulos 12, Alckmin‚Ä¶ https://t.co/JKB9GN8WkF","Sto. Amaro, Recife"
26william08,"Independente de quem for ao 2¬∫ turno √© essencial a alian√ßa entre voc√™s @GuilhermeBoulos , @Haddad_Fernando e‚Ä¶ https://t.co/WR7aVvzpuE",S√£o Paulo
juninho_1983,"Gente esse tal de @GuilhermeBoulos ainda √© candidato, ou j√° se tocou? ü§£ü§£ü§£ #eleicao2018",S√£o Paulo / Brasil
LizFerreira04,"RT @lolaescreva: No meu col√©gio eleitoral a maior parte q tava com camiseta ou adesivo era do Haddad. Mas tb vi 2 eleitores do Boulos, 2 do‚Ä¶",nan
with_an_eff,"RT @lolaescreva: No meu col√©gio eleitoral a maior parte q tava com camiseta ou adesivo era do Haddad. Mas tb vi 2 eleitores do Boulos, 2 do‚Ä¶","Rio de Janeiro, Brazil"
maracecilio,"RT @lolaescreva: No meu col√©gio eleitoral a maior parte q tava com camiseta ou adesivo era do Haddad. Mas tb vi 2 eleitores do Boulos, 2 do‚Ä¶","Porto Alegre, Brazil"
edulopezssa,"RT @lolaescreva: No meu col√©gio eleitoral a maior parte q tava com camiseta ou adesivo era do Haddad. Mas tb vi 2 eleitores do Boulos, 2 do‚Ä¶",Brasil
melizacaramez,"RT @lolaescreva: No meu col√©gio eleitoral a maior parte q tava com camiseta ou adesivo era do Haddad. Mas tb vi 2 eleitores do Boulos, 2 do‚Ä¶", 
salgado_lu,"RT @lolaescreva: No meu col√©gio eleitoral a maior parte q tava com camiseta ou adesivo era do Haddad. Mas tb vi 2 eleitores do Boulos, 2 do‚Ä¶",Brasil
Kaua_intocavel8,"RT @lolaescreva: No meu col√©gio eleitoral a maior parte q tava com camiseta ou adesivo era do Haddad. Mas tb vi 2 eleitores do Boulos, 2 do‚Ä¶","Rio de Janeiro, Brasil"
Dilibra22Maria,"RT @lolaescreva: No meu col√©gio eleitoral a maior parte q tava com camiseta ou adesivo era do Haddad. Mas tb vi 2 eleitores do Boulos, 2 do‚Ä¶","Manaus, Brasil"
hevercosta,"RT @lolaescreva: No meu col√©gio eleitoral a maior parte q tava com camiseta ou adesivo era do Haddad. Mas tb vi 2 eleitores do Boulos, 2 do‚Ä¶",Ouro Preto - MG - Brasil
regisbraga1,"RT @lolaescreva: No meu col√©gio eleitoral a maior parte q tava com camiseta ou adesivo era do Haddad. Mas tb vi 2 eleitores do Boulos, 2 do‚Ä¶",nan
LilianiChaikos1,"RT @lolaescreva: No meu col√©gio eleitoral a maior parte q tava com camiseta ou adesivo era do Haddad. Mas tb vi 2 eleitores do Boulos, 2 do‚Ä¶",Abc
joserleite,"RT @lolaescreva: No meu col√©gio eleitoral a maior parte q tava com camiseta ou adesivo era do Haddad. Mas tb vi 2 eleitores do Boulos, 2 do‚Ä¶",nan
carola_mbgs,Aqui foi de @GuilhermeBoulos #eleicao2018 #VoteConsciente,Floripa
nenacatena,"RT @lolaescreva: No meu col√©gio eleitoral a maior parte q tava com camiseta ou adesivo era do Haddad. Mas tb vi 2 eleitores do Boulos, 2 do‚Ä¶",nan
camilarackel_,Eu t√¥ rindo que minha fam√≠lia t√° brigando tudo pq uns s√£o Marina e outros s√£o Boulos... Kkkkkkkkkk minha fam√≠lia √©‚Ä¶ https://t.co/515XBKvviW,"Macei√≥, AL"
tfmagal,"RT @lolaescreva: No meu col√©gio eleitoral a maior parte q tava com camiseta ou adesivo era do Haddad. Mas tb vi 2 eleitores do Boulos, 2 do‚Ä¶",nan
BleyLacerda,"RT @lolaescreva: No meu col√©gio eleitoral a maior parte q tava com camiseta ou adesivo era do Haddad. Mas tb vi 2 eleitores do Boulos, 2 do‚Ä¶",nan
joomikhail,"RT @lolaescreva: No meu col√©gio eleitoral a maior parte q tava com camiseta ou adesivo era do Haddad. Mas tb vi 2 eleitores do Boulos, 2 do‚Ä¶",SAMPA -Brasil
OvelhaVermelha7,"RT @lolaescreva: No meu col√©gio eleitoral a maior parte q tava com camiseta ou adesivo era do Haddad. Mas tb vi 2 eleitores do Boulos, 2 do‚Ä¶",BH(MG)
Cristina636363,"RT @lolaescreva: No meu col√©gio eleitoral a maior parte q tava com camiseta ou adesivo era do Haddad. Mas tb vi 2 eleitores do Boulos, 2 do‚Ä¶",Brasil
Intelectoorgni1,"RT @lolaescreva: No meu col√©gio eleitoral a maior parte q tava com camiseta ou adesivo era do Haddad. Mas tb vi 2 eleitores do Boulos, 2 do‚Ä¶",nan
LciaPontes1,"RT @lolaescreva: No meu col√©gio eleitoral a maior parte q tava com camiseta ou adesivo era do Haddad. Mas tb vi 2 eleitores do Boulos, 2 do‚Ä¶", Brasil
SMuzitano,"RT @lolaescreva: No meu col√©gio eleitoral a maior parte q tava com camiseta ou adesivo era do Haddad. Mas tb vi 2 eleitores do Boulos, 2 do‚Ä¶",Iguaba Grande
alxvstheworld,"Votei! Votei!
Presidente: @GuilhermeBoulos e @GuajajaraSonia 50
Governadora: @LisetePSOL 50
Senadora:‚Ä¶ https://t.co/VaQew0Y7mL","S√£o Paulo, Brasil"
ralvarezdj,"RT @lolaescreva: No meu col√©gio eleitoral a maior parte q tava com camiseta ou adesivo era do Haddad. Mas tb vi 2 eleitores do Boulos, 2 do‚Ä¶",Cerca
NandoFeOficial,"RT @lolaescreva: No meu col√©gio eleitoral a maior parte q tava com camiseta ou adesivo era do Haddad. Mas tb vi 2 eleitores do Boulos, 2 do‚Ä¶","Rond√¥nia, Brasil"
ellenrpaes,"RT @lolaescreva: No meu col√©gio eleitoral a maior parte q tava com camiseta ou adesivo era do Haddad. Mas tb vi 2 eleitores do Boulos, 2 do‚Ä¶",Rio de Janeiro
fernanddo0423,"De Minas, meus votos, voto com esperan√ßa:
Presidente: Boulos 50
Governador: Dirlene 50 
Senador 1: T√∫lio Lopes 210‚Ä¶ https://t.co/wsKKA8ykBx","Uberl√¢ndia, Brasil"
rita_genesi,"RT @lolaescreva: No meu col√©gio eleitoral a maior parte q tava com camiseta ou adesivo era do Haddad. Mas tb vi 2 eleitores do Boulos, 2 do‚Ä¶",nan
NegaMP,"RT @lolaescreva: No meu col√©gio eleitoral a maior parte q tava com camiseta ou adesivo era do Haddad. Mas tb vi 2 eleitores do Boulos, 2 do‚Ä¶",Brasil
wolmaraguiar,"RT @lolaescreva: No meu col√©gio eleitoral a maior parte q tava com camiseta ou adesivo era do Haddad. Mas tb vi 2 eleitores do Boulos, 2 do‚Ä¶",nan
MadeleineOlaria,"RT @lolaescreva: No meu col√©gio eleitoral a maior parte q tava com camiseta ou adesivo era do Haddad. Mas tb vi 2 eleitores do Boulos, 2 do‚Ä¶",nan
_Lincoln_Lee,"RT @lolaescreva: No meu col√©gio eleitoral a maior parte q tava com camiseta ou adesivo era do Haddad. Mas tb vi 2 eleitores do Boulos, 2 do‚Ä¶",nan
marianajacobii,"RT @lolaescreva: No meu col√©gio eleitoral a maior parte q tava com camiseta ou adesivo era do Haddad. Mas tb vi 2 eleitores do Boulos, 2 do‚Ä¶",nan
JakeSohJake,"RT @lolaescreva: No meu col√©gio eleitoral a maior parte q tava com camiseta ou adesivo era do Haddad. Mas tb vi 2 eleitores do Boulos, 2 do‚Ä¶",nan
Magekinha,"RT @lolaescreva: No meu col√©gio eleitoral a maior parte q tava com camiseta ou adesivo era do Haddad. Mas tb vi 2 eleitores do Boulos, 2 do‚Ä¶","S√£o Jos√© dos Pinhais, Brasil"
dorigatti,"RT @lolaescreva: No meu col√©gio eleitoral a maior parte q tava com camiseta ou adesivo era do Haddad. Mas tb vi 2 eleitores do Boulos, 2 do‚Ä¶",Rio de Janeiro
suboatto,"Daciolo teve mais votos que Boulos e Marina, wtf?? https://t.co/A1QekhGP7c","Berlin, Germany"
ArgothR,"Precisamos derrubar o fascismo!

Espero que @cirogomes, @MarinaSilva, @GuilhermeBoulos , apoiem o @Haddad_Fernando!!!
#Elei√ß√µes2018",nan
dianaprincxs,RT @clubdoscinco: boulos voce √© presidente no meu cora√ß√£o ok https://t.co/nTCIJSrQXq,nan
HulkInRio,Tarc√≠sio tem mais votos que o Boulos. O Tarc√≠sio conseguiu mais votos no RJ que o Boulos no pa√≠s inteiro. #Elei√ß√µes2018,Republica Stalinista da Ilus√£o
eucidinha_,"Eu gostei muito do Boulos, espero que ele se candidate novamente e que tenhamos, ap√≥s 4 anos de tormenta, uma elei√ß‚Ä¶ https://t.co/ctRdhrPOlf","S√£o Paulo, Brasil"
thxneighbourhd,RT @clubdoscinco: boulos voce √© presidente no meu cora√ß√£o ok https://t.co/nTCIJSrQXq,@replacedemi ‚ù§
Andreipdm,#Elei√ß√µes2018 #Boulos18 #BoulosESonina50 Parab√©ns companheiro @GuilhermeBoulos a sua luta trouxe para a pol√≠tica √†s‚Ä¶ https://t.co/cc93dtVj4s,nan
neocity99,RT @clubdoscinco: boulos voce √© presidente no meu cora√ß√£o ok https://t.co/nTCIJSrQXq,ravenclaw ¬´ ‚ôéÔ∏è ¬ª bi
vanildoneto,"RT @TheDiegoLeonel: Amoedo sem ter pisado em nenhum debate ficar√° a frente de Marina, Meirelles, Daciolo, Alvaro e Boulos

Feito enorme #El‚Ä¶",Macei√≥ | Rio Largo | Alagoas
victoseverino,"O que explica o 1% de Marina e o 0,58% de Boulos foi o voto √∫til de esquerda em favor de Haddad. Ciro Gomes n√£o des‚Ä¶ https://t.co/q7qk5A5SKf","S√£o Paulo, Brasil"
Andreipdm,"#Elei√ß√µes2018 #Boulos18 #BoulosESonina50

Parab√©ns companheiro Guilherme Boulos do PSOL. Sua luta trouxe para √† pol‚Ä¶ https://t.co/Eoj4l8sXc2",nan
jeff_farias,@joaoamoedonovo bem a frente da @MarinaSilva @GuilhermeBoulos @meirelles e @alvarodias_. √â deu pra entender bem a l‚Ä¶ https://t.co/HqNHWZeNGH,nan
Andreipdm,"#Elei√ß√µes2018 #Boulos18 #BoulosESonina50

Parab√©ns companheiro @GuilhermeBoulos do PSOL. Sua luta trouxe para √† pol‚Ä¶ https://t.co/bvQutIpF9o",nan
fuck_eve,RT @clubdoscinco: boulos voce √© presidente no meu cora√ß√£o ok https://t.co/nTCIJSrQXq,"Tabatinga, Brasil"
territorialfae,Gente scrr que o Daciolo t√° na frente da Marina e do Boulos kkkkklkkkkll GL√ìRIA DEUX #Elei√ß√µes2018 https://t.co/hDLMTgK1l2,Wendlyn
fwlings,RT @gabvasa: marina e boulos com menos aue o cabo daciolo kkkkkkkk https://t.co/uvlZyas6r4,"Santo Ant√¥nio do Descoberto, Brasil"
mafer0091,RT @gabvasa: marina e boulos com menos aue o cabo daciolo kkkkkkkk https://t.co/uvlZyas6r4,"Maring√°, Brasil"
IngridRMoraes,o Boulos com nem 1% #Elei√ß√µes2018,"Mogi Das Cruzes, SP"
MyriOliveira,"RT @MyriOliveira: Ciro, Alckmin, Marina, Boulos, Daciolo e Meirelles fecham com o Haddad no 2¬∫ turno? #Elei√ß√µes2018 #BocadeUrna https://t.c‚Ä¶","Rio de Janeiro, Brasil"
leocolato,RT @gabvasa: marina e boulos com menos aue o cabo daciolo kkkkkkkk https://t.co/uvlZyas6r4,middle earth
joaopnevs,RT @gabvasa: marina e boulos com menos aue o cabo daciolo kkkkkkkk https://t.co/uvlZyas6r4,"Imaru√≠, Brasil"
thelukeset,"o cara na recordnews falando que o discurso do boulos eh 50 anos atrasado. amigo, ele ta mais eh pra 50 anos a fren‚Ä¶ https://t.co/AtszfB2K88",S√£o Paulo 
AryDias00,"OS NORDESTINOS, O POVO QUE VOTOU NO BOULOS E NO CIRO, SE JUNTANDO A TURMA DO HADDAD PRA GANHAR DO BRONTOSSAURO NO S‚Ä¶ https://t.co/ReDgKK5ccJ","Juiz de Fora, Brasil"
agd_cns,sigo chorando por boulos com menos de 1% #Elei√ß√µes2018,"Mat√£o, Brasil"
CrisFSantana,"RT @thelukeset: o cara na recordnews falando que o discurso do boulos eh 50 anos atrasado. amigo, ele ta mais eh pra 50 anos a frente, ne?‚Ä¶","S√£o Paulo, SP"
hstyIers,BOULOS MEU DEUS,ùëôùëñùëôùë¶ ùëêùëúùëôùëôùëñùëõùë†
LizPronin,57% dos votos apurados e Cabo Daciolo tem mais votos que Marina e Boulos! Eles n√£o inspiram confian√ßa nenhuma no eleitor. #Elei√ß√µes2018,"S√£o Paulo, Brasil"
lucascristofoli,Boulos foi no debate e o Daciolo n√£o. Daciolo est√° fazendo o dobro de votos do Boulos.... Chora invasor! #Elei√ß√µes2018,Bento Gon√ßalves - RS
Rodrigomachados,"O mais importante nas #Elei√ß√µes2018  ningu√©m est√° falando, o Daciolo est√° pontuando mais que o Boulos! Hahaha",nan
kronbauerdebora,Cabo daciolo ter mais votos que Marina e Boulos √© inadmiss√≠vel #Elei√ß√µes2018,"Rio Grande do Sul, Brasil"
AdamLopes,O @CaboDaciolo tem mais votos que a @MarinaSilva e @GuilhermeBoulos,Rio de Janeiro/RJ
gabrielkkkj,boulos amorrrrrrrr,nan
leviosabbey,marina e boulos o br nao merece vcs,ravenclaw
blsckmagic,"marina e boulos q podem ajudar em um segundo turno n conseguiram uma quantidade consider√°vel de votos
√© entregar na‚Ä¶ https://t.co/EudXa9kwjy",nan
jordaniaemilly,Mano o Boulos com MENOS VOTOS QUE O DACIOLO!!!  O Brasil s√≥ tem loucos??????,"Centro, Guarulhos"
KikiMioBS,"Cara, olha como o Brasil √©: OLHA A QUANTIDADE DO DACIOLO E A QUANTIDADE DA MARINA E DO BOULOS! OLHA ISSO!",Brazil
biancheti,Daciolo com o dobro do Boulos kkkkkkkkkkkkkkkkkkkkkkkkkkkkkkkkkkkkkkkkkkkkkkkkkkkkkkkkkkkkkkkkkkkkkkkkkkkkkkkkkkkkk‚Ä¶ https://t.co/P8yA0xxuQc,"S√£o Paulo, Brasil"
stanpurppose,GENTE O BOULOS???????,nan
arnaudmattoso,Otimista: @pstu √∫ltimo lugar dividindo abismo com o invasor de pr√©dios @GuilhermeBoulos O Brasil √© um pa√≠s saud√°vel‚Ä¶ https://t.co/eKiLens7h0,Recife PE
BrGuedes,"Nesse momento, Guilherme Boulos, que participou de TODOS OS DEBATES NA TV, tem 5 vezes MENOS votos que o‚Ä¶ https://t.co/9R1i6VTrgM","Rio de Janeiro, Brasil"
MiriaFigueiredo,"Pesquisas erraram feio hein...
Marina, √Ålvaro Dias, Boulos tem menos votos que Daciolo em 68% das #UrnasApuradas no‚Ä¶ https://t.co/wvy9kGcgcC","Brasil, S√£o Paulo, S√£o Paulo"
prcyjackspn,boulos o brasil nao te merece,thay lili let luiza iza poly
protectbommie,RT @prcyjackspn: boulos o brasil nao te merece https://t.co/QS1MHtQ5tV,realmadrid&bayernm√ºnchen
GonzattoJoao,At√© eu tenho mais voto que o boulos e eu nem participei das elei√ß√µes,"Silver Spring, MD"
grayixing,boulos meu amor .... .,sjp
viviansimoes,Daciolo acima da Marina e Boulos. Socorroooooo #Elei√ß√µes2018 at√© o Bonner observando üëÄ,nan
Tamy61562161,"@GuilhermeBoulos Votou no Bolsonaro tamb√©m?
Voc√™ n√£o tem chance, sabe disso n√©?
#Elei√ß√µes2018 
#bolsonaro17no1oturno 
#Bolsonaro17",nan
carols_castro,Daciolo com mais votos que Marina e Boulos! N√£o da pra se conformar! #Elei√ß√µes2018,Brasil
BrDaCorrupcao,"O mais gostoso √© ver o @GuilhermeBoulos atr√°s at√© do @CaboDaciolo, queria ver aquela carinha de deboche agora com m‚Ä¶ https://t.co/rXpKryaSWX","S√£o Jos√© dos Campos, Brasil"
bieberxpoetry,Boulos #1 no meu cora√ß√£o,nan
vinispfc21,"KKKJKJKJKKKKKJJK O DACIOLO TEM MAIS VOTOS QUE A MARINA E O BOULOS KJKJKJKK, Gl√≥ria a Deuxxxx","Joinville, Brasil"
takashirogane_,gente o boulos e a marina #Elei√ß√µes2018,brasil sil sil üáßüá∑
VanessaRJ6,"Segundo turno vamos todos juntos!!!! Povo de Ciro,De Haddad, Alckmin,Marina, Boulos,Cabo Daciolo,Meireles...todos j‚Ä¶ https://t.co/G0dVUH1RYi","Rio de Janeiro, Brasil"
GabyrLavigne,RT @bieberxpoetry: Boulos #1 no meu cora√ß√£o https://t.co/jfCjECohwS,nan
luizzzilli,n√£o aceito √Ålvaro Dias com mais votos que Boulos esse pa√≠s merece a mis√©ria mesmo,nan
RangelPhellipe,"500 Mil Votos no Boulos.
Galera ele era divertido, era apenas pra meme, voto era no Ciro!
#Elei√ß√µes2018","Campos dos Goytacazes, Brasil"
vivicampbell,"O @GuilhermeBoulos teve praticamente o mesmo n√∫mero de votos do que eu, que nem me candidatei #Elei√ß√µes2018",Tr√™s Rios/Vassouras RJ
hiddleswiftyles,o meu boulos cara :((((,reputation track 9
renatodaflon,"#CaboDaciolo com mais votos que o #Boulos 
#Elei√ß√µes2018 
ü§£ü§£ü§£ü§£ü§£ü§£",Brasil
petcheets,RT @prcyjackspn: boulos o brasil nao te merece https://t.co/QS1MHtQ5tV,a¬≤/ m¬≤ ‚ô° ÿò
Romenik7,"Meu voto foi lindo #elei√ß√µes2018 @GuilhermeBoulos Meu voto me entende, me representa, me d√° esperan√ßa e √© meu poder‚Ä¶ https://t.co/1B5ycvHd1I",Brasil
Garotadedireit4,O Boulos s√≥ serve pra invadir propiedades m√©smo #Elei√ß√µes2018 https://t.co/LPSFpZ1aGL, Brasil
ralbuquerque2,RT @Garotadedireit4: O Boulos s√≥ serve pra invadir propiedades m√©smo #Elei√ß√µes2018 https://t.co/LPSFpZ1aGL,nan
rosecajuru,"RT @g1saopaulo: O candidato do PSOL na elei√ß√£o para presidente, Guilherme Boulos, chega com as filhas para votar na PUC-SP #Elei√ß√µes2018 ht‚Ä¶",nan
Bfr_Quel,RT @Garotadedireit4: O Boulos s√≥ serve pra invadir propiedades m√©smo #Elei√ß√µes2018 https://t.co/LPSFpZ1aGL,Cabral-Nil√≥polis
AryDias00,"TODO MUNDO QUE VOTOU NA MARINA, NO BOULOS E NO CIRO, recado pra voc√™s, ainda √© tempo de mudan√ßas, qualquer um que f‚Ä¶ https://t.co/wgNbP3IcSF","Juiz de Fora, Brasil"
heltonverao,"Sem a oportunidade de participar dos debates, o @joaoamoedonovo ficar√° a frente de Marina, Meirelles, Boulos, Dacio‚Ä¶ https://t.co/W9GuLn9s18","Campo Grande, MS"
sz_hazza,"Vamos juntar a torcida do Haddad, com a do Ciro, da Marina, do Geraldo Alckmin, Daciolo, Boulos e ir td contra o bicarbonaro #Elei√ß√µes2018",nan
PiadoDjanho_,"Eu, que nem me candidatei, estou tecnicamente empatado com @GuilhermeBoulos e @MarinaSilva #Elei√ß√µes2018",CURITIBA
VictorNassif,"Obrigado pela campanha brilhante @cirogomes @GuilhermeBoulos ! 2¬∞ turno, bora pra rua! ‚úåüèº","Florian√≥polis, Brasil"
_phbastos,"Parem! Eu n√£o sou o Boulos. 
#elei√ß√µes2018 https://t.co/C7jPVhjXKT",Brasil
lmjaguarlizer,"RT @sz_hazza: Vamos juntar a torcida do Haddad, com a do Ciro, da Marina, do Geraldo Alckmin, Daciolo, Boulos e ir td contra o bicarbonaro‚Ä¶",10.12.18
vkuhnn,brasil n√£o merece o boulos,"Porto Alegre, Brasil"
dinahstyisme,"RT @sz_hazza: Vamos juntar a torcida do Haddad, com a do Ciro, da Marina, do Geraldo Alckmin, Daciolo, Boulos e ir td contra o bicarbonaro‚Ä¶",esse √© o perfil mais lgbt
achelecharlie,"RT @sz_hazza: Vamos juntar a torcida do Haddad, com a do Ciro, da Marina, do Geraldo Alckmin, Daciolo, Boulos e ir td contra o bicarbonaro‚Ä¶","Belo Horizonte, Brasil"
marginalvirtual,"Espero que se juntemos eleitores do @GuilhermeBoulos @cirogomes @MarinaSilva contra o facismo, o golpe e o preconce‚Ä¶ https://t.co/s7NfMmPn1d","Fortaleza, Brasil"
LMJM_KCCE_,"RT @sz_hazza: Vamos juntar a torcida do Haddad, com a do Ciro, da Marina, do Geraldo Alckmin, Daciolo, Boulos e ir td contra o bicarbonaro‚Ä¶",Expectations 
LauraMoojen,RT @vkuhnn: brasil n√£o merece o boulos https://t.co/6c4T9EU21R,na tua
wantsjaureguix,"RT @sz_hazza: Vamos juntar a torcida do Haddad, com a do Ciro, da Marina, do Geraldo Alckmin, Daciolo, Boulos e ir td contra o bicarbonaro‚Ä¶",ex: austinobody
gleif_,"Gente, provavelmente haver√° um segundo turno. Precisamos nos juntar, eleitores de Boulos, Marina, Haddad, Ciro e qu‚Ä¶ https://t.co/ZwMaJkN9gi","S√£o Paulo, Brasil"
kcelaur,"RT @sz_hazza: Vamos juntar a torcida do Haddad, com a do Ciro, da Marina, do Geraldo Alckmin, Daciolo, Boulos e ir td contra o bicarbonaro‚Ä¶",—îxœÅ—îc—ÇŒ±—Çƒ±œÉns 12.10.18
helderbgk,"RT @g1saopaulo: O candidato do PSOL na elei√ß√£o para presidente, Guilherme Boulos, chega com as filhas para votar na PUC-SP #Elei√ß√µes2018 ht‚Ä¶",nan
nana_mendes,"√â s√©rio que o Daciolo tem mais votos que o Boulos e a Marina?
O Brasil t√° MUITO errado!
#Elei√ß√µes2018","S√£o Paulo, Brasil"
sehuniverss,"RT @sz_hazza: Vamos juntar a torcida do Haddad, com a do Ciro, da Marina, do Geraldo Alckmin, Daciolo, Boulos e ir td contra o bicarbonaro‚Ä¶",Exo Planet
HAYLEYSOFANCY,"RT @sz_hazza: Vamos juntar a torcida do Haddad, com a do Ciro, da Marina, do Geraldo Alckmin, Daciolo, Boulos e ir td contra o bicarbonaro‚Ä¶","my heart belongs to you, Ge√≥rgia ‚ù§  ‚Ä¢@purpozme ‚ù§"
lovees_noah,"RT @sz_hazza: Vamos juntar a torcida do Haddad, com a do Ciro, da Marina, do Geraldo Alckmin, Daciolo, Boulos e ir td contra o bicarbonaro‚Ä¶","Litchfield, seguran√ßa m√°xima"
obrienstrokes,caralho o boulos.. a marina mano.. pelo amor de deus na moral,nan
williegamba,O Boulos est√° tecnicamente empatado comigo que nem me candidatei. #Elei√ß√µes2018,S√£o Paulo
raphaelscostarj,"@Val_Ce1 #Elei√ß√µes2018 @CaboDaciolo empatado c/ @meirelles, e a frente de @MarinaSilva, @alvarodias_ e @GuilhermeBoulos",Rio de Janeiro
ValencaBethania,"RT @g1: Boulos vota na PUC, Zona Oeste de S√£o Paulo https://t.co/tJ7WfoHvgb #Elei√ß√µes2018 #G1 https://t.co/QuqSrtYNi3",nan
dominatrixrj,"como que esses sequelados do alckmin, amoedo, meirelles tem mais voto que marina, boulos... meu deus do ceu",rio de janeiro
RafaelRoballogk,"Aquele momento de descontra√ß√£o, cabo Daciolo na frente de Marina Silva e Boulos... üëèüëèüëèüëè 
#Elei√ß√µes2018 https://t.co/YMuNHorhvW",nan
pedrohcponchio,"@JanainaDoBrasil teve mais votos que Henrique Meirelles, Cabo Daciolo, Marina Silva, √Ålvaro Dias, Guilherme Boulos.

#Elei√ß√µes2018",United States
KaylaneEmanuel4,"RT @sz_hazza: Vamos juntar a torcida do Haddad, com a do Ciro, da Marina, do Geraldo Alckmin, Daciolo, Boulos e ir td contra o bicarbonaro‚Ä¶",nan
Taly_chan,"Ent√£o n√©....
J√° t√¥ lan√ßando meu crowd funding
""Ajude uma esquerdista a ir pra cuba""

#elei√ß√µes2018
#Haddad13 #Ciro12 #Boulos50",nan
stronginbiebs,RT @clubdoscinco: boulos voce √© presidente no meu cora√ß√£o ok https://t.co/nTCIJSrQXq,J follow- 13/11/16 üíû
dederoodrigues,"Avante, @GuilhermeBoulos! Voc√™ tem muito potencial, √© jovem e extremamente competente, sua hora na presid√™ncia cheg‚Ä¶ https://t.co/gQN7O8tGAp",nan
raissaalabarce,"#Elei√ß√µes2018

Bolsonaro (81 votos)
Ciro (22 votos)
Haddad (15 votos)
Alckmin (7 votos)
Amo√™do (5 votos)
Boulos (2‚Ä¶ https://t.co/JU53qs4RMy","Bras√≠lia, Brasil"
pessoaindignada,Boulos: 50 tons de fracasso nestas elei√ß√µes! üòÇüòÇüòÇüòÇüòÇüòÇüòÇ,nan
DiogoTenorio8,"#Elei√ß√µes2018 #GNEleicoes2018 
@CaboDaciolo terminou a campanha colocando no chinelo @MarinaSilva e @GuilhermeBoulos. Gl√≥ria!",nan
jeessicamotar,"Agora t√° com voc√™s Ciristas, marinistas, galera do boulos,do Alckmin se vcs forem votar nulo, a gente vai pra merda‚Ä¶ https://t.co/8LpjKXVWD2",.
pizzap0tter,olha esse nen√©m meu voto foi seu @GuilhermeBoulos,another dimension
duda_amato,RT @vkuhnn: brasil n√£o merece o boulos https://t.co/6c4T9EU21R,"Porto Alegre, Brasil"
TheDiegoLeonel,"Amoedo sem ter pisado em nenhum debate ficar√° a frente de Marina, Meirelles, Daciolo, Alvaro e Boulos

Feito enorme #Elei√ß√µes2018","Macei√≥, Brasil"
KingRuckFules,"RT @TheDiegoLeonel: Amoedo sem ter pisado em nenhum debate ficar√° a frente de Marina, Meirelles, Daciolo, Alvaro e Boulos

Feito enorme #El‚Ä¶","Bom Jesus do Norte, Brasil"
MatheusXXXX_,"RT @TheDiegoLeonel: Amoedo sem ter pisado em nenhum debate ficar√° a frente de Marina, Meirelles, Daciolo, Alvaro e Boulos

Feito enorme #El‚Ä¶",Minha casa
fergusfromhell,"Olha meu amozinho, desculpa ter votado no Boulos",protected by binnie ;
Mario_Jorge171,RT @g1: Boulos vota em SP e pede para que eleitor 'n√£o deposite o √≥dio nas urnas' https://t.co/tJ7WfoHvgb #Elei√ß√µes2018 #G1 https://t.co/Ns‚Ä¶,Tijuca - Zona Norte
DessaMMaia,"RT @g1: Boulos vota na PUC, Zona Oeste de S√£o Paulo https://t.co/tJ7WfoHvgb #Elei√ß√µes2018 #G1 https://t.co/QuqSrtYNi3","Goi√¢nia, Brasil"
Denise56Galvao,RT @MidiaNINJA: . @guilhermeboulos vota na PUC em S√£o Paulo ao lado da sua companheira @natszermeta e das filhas e recebe o carinho de cand‚Ä¶,nan
marcelosl64,RT @g1: Boulos vota em SP e pede para que eleitor 'n√£o deposite o √≥dio nas urnas' https://t.co/tJ7WfoHvgb #Elei√ß√µes2018 #G1 https://t.co/Ns‚Ä¶,Brasil
jehmichelss,"RT @g1: Boulos vota na PUC, Zona Oeste de S√£o Paulo https://t.co/tJ7WfoHvgb #Elei√ß√µes2018 #G1 https://t.co/QuqSrtYNi3","Santa Catarina, Brasil"
strangtthingz,RT @clubdoscinco: boulos voce √© presidente no meu cora√ß√£o ok https://t.co/nTCIJSrQXq,nan
t_astrobooy,"RT @g1: Boulos vota na PUC, Zona Oeste de S√£o Paulo https://t.co/tJ7WfoHvgb #Elei√ß√µes2018 #G1 https://t.co/QuqSrtYNi3",Gay√¢nia
guitsme,"RT @g1: Boulos vota na PUC, Zona Oeste de S√£o Paulo https://t.co/tJ7WfoHvgb #Elei√ß√µes2018 #G1 https://t.co/QuqSrtYNi3","Rio de Janeiro, Brasil"
sgreysz,RT @clubdoscinco: boulos voce √© presidente no meu cora√ß√£o ok https://t.co/nTCIJSrQXq,sp
Raul_Akira,"Boletim de urna da minha se√ß√£o. Zona Eleitoral: 347. Escola Zalina - SP.

#bolsonaro #boulos #ciro #amoedo #Daciolo‚Ä¶ https://t.co/7nOTsnHQTu","Penha, S√£o Paulo"
pynguas_,"Boulos foi votar e n quer mais sair do pr√©dio, a policia foi chamada #Elei√ß√µes2018","Goi√¢nia, GO"
MarvinVal1,Boulos votou numa escola que foi invadida e est√° ocupada huahaehuehu pq n√£o tinha mais serventia dado ao total aban‚Ä¶ https://t.co/KcI2sN9kPm,"Rio de Janeiro, Brasil"
atlantiqi,"RT @g1saopaulo: O candidato do PSOL na elei√ß√£o para presidente, Guilherme Boulos, chega com as filhas para votar na PUC-SP #Elei√ß√µes2018 ht‚Ä¶",nan
SaabBrasil,"RT @Raul_Akira: Boletim de urna da minha se√ß√£o. Zona Eleitoral: 347. Escola Zalina - SP.

#bolsonaro #boulos #ciro #amoedo #Daciolo #Marina‚Ä¶",nan
JxCxSUBVERSIVO,50entei  üëä #Elei√ß√µes2018 @GuilhermeBoulos @GuajajaraSonia üôã,"Pernambuco, Brazil"
Hubertobarth,"RT @Raul_Akira: Boletim de urna da minha se√ß√£o. Zona Eleitoral: 347. Escola Zalina - SP.

#bolsonaro #boulos #ciro #amoedo #Daciolo #Marina‚Ä¶","Estrela, RS"
giulifsr,"RT @ibrags: Menor gasto de campanha
Jejua no monte
Ajuda cadeirante a votar

E ainda tem mais inten√ß√£o de votos que o Boulos https://t.co/k‚Ä¶",RJ
SillvioSantos,"RT @Raul_Akira: Boletim de urna da minha se√ß√£o. Zona Eleitoral: 347. Escola Zalina - SP.

#bolsonaro #boulos #ciro #amoedo #Daciolo #Marina‚Ä¶",Brasil
Ana12566224,"RT @Raul_Akira: Boletim de urna da minha se√ß√£o. Zona Eleitoral: 347. Escola Zalina - SP.

#bolsonaro #boulos #ciro #amoedo #Daciolo #Marina‚Ä¶","S√£o Paulo, Brasil"
valvntinx,"RT @folha: Ap√≥s votar, Boulos diz confiar em 2¬∫ turno e que Bolsonaro 'n√£o tem moral nenhuma' https://t.co/zCnXV7PKFC #Elei√ß√µes2018 https:/‚Ä¶",b. ‚ô°
phenosbr,"RT @Raul_Akira: Boletim de urna da minha se√ß√£o. Zona Eleitoral: 347. Escola Zalina - SP.

#bolsonaro #boulos #ciro #amoedo #Daciolo #Marina‚Ä¶",nan
MarisaMuniz,"RT @Raul_Akira: Boletim de urna da minha se√ß√£o. Zona Eleitoral: 347. Escola Zalina - SP.

#bolsonaro #boulos #ciro #amoedo #Daciolo #Marina‚Ä¶",Brazil
iaragb,"RT @Raul_Akira: Boletim de urna da minha se√ß√£o. Zona Eleitoral: 347. Escola Zalina - SP.

#bolsonaro #boulos #ciro #amoedo #Daciolo #Marina‚Ä¶",Patopolis
Moacir74021273,"RT @Raul_Akira: Boletim de urna da minha se√ß√£o. Zona Eleitoral: 347. Escola Zalina - SP.

#bolsonaro #boulos #ciro #amoedo #Daciolo #Marina‚Ä¶","Rio de Janeiro, Brasil"
daysecoficial,"RT @Raul_Akira: Boletim de urna da minha se√ß√£o. Zona Eleitoral: 347. Escola Zalina - SP.

#bolsonaro #boulos #ciro #amoedo #Daciolo #Marina‚Ä¶",s√£o  paulo
MarciaP_RJ,"RT @Raul_Akira: Boletim de urna da minha se√ß√£o. Zona Eleitoral: 347. Escola Zalina - SP.

#bolsonaro #boulos #ciro #amoedo #Daciolo #Marina‚Ä¶",nan
veragimenez,"RT @Raul_Akira: Boletim de urna da minha se√ß√£o. Zona Eleitoral: 347. Escola Zalina - SP.

#bolsonaro #boulos #ciro #amoedo #Daciolo #Marina‚Ä¶",Brasil Rio de Janeiro
JuniorGomesCRVG,"RT @Raul_Akira: Boletim de urna da minha se√ß√£o. Zona Eleitoral: 347. Escola Zalina - SP.

#bolsonaro #boulos #ciro #amoedo #Daciolo #Marina‚Ä¶","Rio de Janeiro, Brasil"
victordorsey25,"RT @Raul_Akira: Boletim de urna da minha se√ß√£o. Zona Eleitoral: 347. Escola Zalina - SP.

#bolsonaro #boulos #ciro #amoedo #Daciolo #Marina‚Ä¶",nan
ivonetse,"RT @Raul_Akira: Boletim de urna da minha se√ß√£o. Zona Eleitoral: 347. Escola Zalina - SP.

#bolsonaro #boulos #ciro #amoedo #Daciolo #Marina‚Ä¶",nan
victovargas,"RT @Raul_Akira: Boletim de urna da minha se√ß√£o. Zona Eleitoral: 347. Escola Zalina - SP.

#bolsonaro #boulos #ciro #amoedo #Daciolo #Marina‚Ä¶",Brasilia/DF
cjcastro45,"RT @Raul_Akira: Boletim de urna da minha se√ß√£o. Zona Eleitoral: 347. Escola Zalina - SP.

#bolsonaro #boulos #ciro #amoedo #Daciolo #Marina‚Ä¶",SP
nidingrr,RT @g1: Boulos vota em SP e pede para que eleitor 'n√£o deposite o √≥dio nas urnas' https://t.co/tJ7WfoHvgb #Elei√ß√µes2018 #G1 https://t.co/Ns‚Ä¶,"Guarani das Miss√µes, Brasil"
gudenfischer,RT @g1: Boulos vota em SP e pede para que eleitor 'n√£o deposite o √≥dio nas urnas' https://t.co/tJ7WfoHvgb #Elei√ß√µes2018 #G1 https://t.co/Ns‚Ä¶,nan
Adelmoreira,"RT @Raul_Akira: Boletim de urna da minha se√ß√£o. Zona Eleitoral: 347. Escola Zalina - SP.

#bolsonaro #boulos #ciro #amoedo #Daciolo #Marina‚Ä¶",nan
zainpadre,RT @clubdoscinco: boulos voce √© presidente no meu cora√ß√£o ok https://t.co/nTCIJSrQXq,nan
jbiebosta,RT @clubdoscinco: boulos voce √© presidente no meu cora√ß√£o ok https://t.co/nTCIJSrQXq,nan
AndreAndrebt5,"@GuilhermeBoulos ....uhh...gosto.mas, aceitar assalto tbm nao....","Boa Vista, Brasil"
analucra,RT @g1: Boulos vota em SP e pede para que eleitor 'n√£o deposite o √≥dio nas urnas' https://t.co/tJ7WfoHvgb #Elei√ß√µes2018 #G1 https://t.co/Ns‚Ä¶,no livrinho dentro do p√£o doce
AKnakiewicz,"RT @Raul_Akira: Boletim de urna da minha se√ß√£o. Zona Eleitoral: 347. Escola Zalina - SP.

#bolsonaro #boulos #ciro #amoedo #Daciolo #Marina‚Ä¶","S√£o Paulo, Brasil"
GraingerMarcos,"RT @g1saopaulo: O candidato do PSOL na elei√ß√£o para presidente, Guilherme Boulos, chega com as filhas para votar na PUC-SP #Elei√ß√µes2018 ht‚Ä¶","Los Angeles, CA"
oliveiradewill,"RT @g1saopaulo: O candidato do PSOL na elei√ß√£o para presidente, Guilherme Boulos, chega com as filhas para votar na PUC-SP #Elei√ß√µes2018 ht‚Ä¶",nan
myheartgastochi,RT @clubdoscinco: boulos voce √© presidente no meu cora√ß√£o ok https://t.co/nTCIJSrQXq,aud√°cia
marveIdcxmics,RT @clubdoscinco: boulos voce √© presidente no meu cora√ß√£o ok https://t.co/nTCIJSrQXq,odaat stan
shittycalumh,RT @clubdoscinco: boulos voce √© presidente no meu cora√ß√£o ok https://t.co/nTCIJSrQXq,"Jo√£o Pessoa, Brasil"
ThallysBAlm,"Boca de Urna Presidente

Bolsonaro 45
Haddad 28
Ciro 14
Alckmin 4
Amoedo 3
Marina 2
Alvaro, Daciolo, Boulos e Meirelles 1 cada
#Elei√ß√µes2018","Macei√≥, AL, Brasil"
revistaabsurda,"AMOEDO LIDERANDO A S√âRIE B E PASSANDO A MARINA 

DACIOLO NA FRENTE DE MEIRELLES E BOULOS

HAUAHAUAHAUAHAAUAHAUAHAUA‚Ä¶ https://t.co/VWVnStjkmm",nan
